"DESCRIPTION","DURATION IN MS","NAME","PARENT SUITE","START TIME","STATUS","STOP TIME","SUB SUITE","SUITE","TEST CLASS","TEST METHOD"
"Для несуществующего курьера → 404 и текст ошибки","49","Список заказов можно отфильтровать по курьеру","tests","2026-09-28","passed","2026-09-28","TestGetOrders","test_get_orders","",""
"","77","Запрос без номера заказа → ошибка","tests","2026-09-28","passed","2026-09-28","TestGetOrderByTrack","test_get_order_by_track","",""
"","254","Успешный запрос возвращает объект с заказом","tests","2026-09-28","passed","2026-09-28","TestGetOrderByTrack","test_get_order_by_track","",""
"Успешное создание курьера → 201 и {'ok': True}","158","Курьера можно создать","tests","2026-09-28","passed","2026-09-28","TestCreateCourier","test_create_courier","",""
"","44","Запрос с несуществующим id → ошибка","tests","2026-09-28","passed","2026-09-28","TestDeleteCourier","test_delete_courier","",""
"","17051","В тело ответа возвращается список заказов","tests","2026-09-28","passed","2026-09-28","TestGetOrders","test_get_orders","",""
"","84","Если одного из обязательных полей нет → ошибка 400","tests","2026-09-28","passed","2026-09-28","TestCreateCourier","test_create_courier","",""
"Второй курьер с тем же логином → 409 и текст ошибки","93","Нельзя создать двух одинаковых курьеров","tests","2026-09-28","passed","2026-09-28","TestCreateCourier","test_create_courier","",""
"","48","Запрос без id → ошибка","tests","2026-09-28","passed","2026-09-28","TestDeleteCourier","test_delete_courier","",""
"","57","Создание заказа с разными комбинациями цветов","tests","2026-09-28","passed","2026-09-28","TestCreateOrder","test_create_order","",""
"","127","Если одного из обязательных полей нет → ошибка 400","tests","2026-09-28","passed","2026-09-28","TestCreateCourier","test_create_courier","",""
"","147","Неуспешный запрос возвращает ошибку","tests","2026-09-28","passed","2026-09-28","TestDeleteCourier","test_delete_courier","",""
"","84","Создание заказа с разными комбинациями цветов","tests","2026-09-28","passed","2026-09-28","TestCreateOrder","test_create_order","",""
"","93","Несуществующий пользователь → ошибка 404","tests","2026-09-28","passed","2026-09-28","TestLoginCourier","test_login_courier","",""
"","73","Создание заказа с разными комбинациями цветов","tests","2026-09-28","passed","2026-09-28","TestCreateOrder","test_create_order","",""
"","95","Запрос с несуществующим заказом → ошибка","tests","2026-09-28","passed","2026-09-28","TestGetOrderByTrack","test_get_order_by_track","",""
"","73","Создание заказа с разными комбинациями цветов","tests","2026-09-28","passed","2026-09-28","TestCreateOrder","test_create_order","",""
"","342","Без id курьера → ошибка","tests","2026-09-28","passed","2026-09-28","TestAcceptOrder","test_accept_order","",""
"","69","Если не передать login → ошибка 400","tests","2026-09-28","passed","2026-09-28","TestLoginCourier","test_login_courier","",""
"","267","Успешный запрос возвращает ok: true","tests","2026-09-28","passed","2026-09-28","TestDeleteCourier","test_delete_courier","",""
"","57","Без id заказа → ошибка","tests","2026-09-28","passed","2026-09-28","TestAcceptOrder","test_accept_order","",""
"","387","Успешный запрос возвращает ok: true","tests","2026-09-28","passed","2026-09-28","TestAcceptOrder","test_accept_order","",""
"","103","Неверный id заказа → ошибка","tests","2026-09-28","passed","2026-09-28","TestAcceptOrder","test_accept_order","",""
"","230","Неверный id курьера → ошибка","tests","2026-09-28","passed","2026-09-28","TestAcceptOrder","test_accept_order","",""
"Успешный логин → 200 и возвращается id курьера","150","Курьер может авторизоваться","tests","2026-09-28","passed","2026-09-28","TestLoginCourier","test_login_courier","",""
"","0","Если не передать password → ошибка (баг API: 504)","tests","2026-09-28","skipped","2026-09-28","TestLoginCourier","test_login_courier","",""
"","52","Неверный логин → ошибка 404","tests","2026-09-28","passed","2026-09-28","TestLoginCourier","test_login_courier","",""
"","53","Неверный пароль → ошибка 404","tests","2026-09-28","passed","2026-09-28","TestLoginCourier","test_login_courier","",""
